{
  "urls": [
    "ch0.m4a",
    "ch0.mp3",
    "ch0.ogg"
  ],
  "sprite": {
    "BetDown": [
      0,
      1154.9433106575964
    ],
    "BetMax": [
      2050,
      1055.0113378684807
    ]
  }
}