{
  "urls": [
    "ch6.m4a",
    "ch6.mp3",
    "ch6.ogg"
  ],
  "sprite": {
    "WinLoop": [
      0,
      6939.931972789115
    ],
    "WinLoopChimes": [
      7050,
      2265.9410430839
    ]
  }
}