{
  "urls": [
    "ch7.m4a",
    "ch7.mp3",
    "ch7.ogg"
  ],
  "sprite": {
    "UiClickConfirm": [
      0,
      917.3015873015872
    ],
    "UiClick": [
      1050,
      1400.861678004535
    ],
    "SymbolSelect": [
      3099.9999999999995,
      574.6938775510203
    ]
  }
}