{
  "urls": [
    "ch8.m4a",
    "ch8.mp3",
    "ch8.ogg"
  ],
  "sprite": {
    "SymbolSelect": [
      0,
      574.6938775510204
    ],
    "UiClick": [
      1050,
      1400.861678004535
    ]
  }
}