{
  "urls": [
    "ch9.m4a",
    "ch9.mp3",
    "ch9.ogg"
  ],
  "sprite": {
    "UiClick": [
      0,
      1400.8616780045352
    ],
    "SymbolSelect": [
      2050,
      574.6938775510203
    ]
  }
}